prodname,prodprice,url
Ashwagandha Capsules,£14.99,https://www.nutriseed.co.uk/collections/vitamins-and-supplements/products/ashwagandha-capsules
Krill Oil Capsules 500mg,£13.95,https://www.nutriseed.co.uk/collections/vitamins-and-supplements/products/krill-oil-capsules
Multi Vitamin and Mineral Tablets,£12.99,https://www.nutriseed.co.uk/collections/vitamins-and-supplements/products/multi-vitamin-and-mineral-tablets
Acai Berry Capsules,£8.99,https://www.nutriseed.co.uk/collections/vitamins-and-supplements/products/acai-berry-capsules
Ceremonial Matcha Tea Capsules - 500mg,£9.99,https://www.nutriseed.co.uk/collections/vitamins-and-supplements/products/ceremonial-matcha-capsules-500mg
Turmeric Capsules - 500mg,£9.99,https://www.nutriseed.co.uk/collections/vitamins-and-supplements/products/turmeric-capsules
"Spirulina Capsules - 500mg, Organic & Gluten Free",£4.99,https://www.nutriseed.co.uk/collections/vitamins-and-supplements/products/spirulina-capsules-1
Organic Chlorella Tablets - 500mg,£5.99,https://www.nutriseed.co.uk/collections/vitamins-and-supplements/products/chlorella-tablets
Cod Liver Oil Capsules 1000mg,£4.99,https://www.nutriseed.co.uk/collections/vitamins-and-supplements/products/cod-liver-oil-capsules
Organic Virgin Coconut Oil - 500ml Jar,,https://www.nutriseed.co.uk/collections/essential-fatty-acids/products/organic-virgin-coconut-oil
"Hemp Protein Powder, Organic, Vegan-Friendly & Gluten Free",£11.49,https://www.nutriseed.co.uk/collections/essential-fatty-acids/products/hemp-protein-powder
"Ground Golden Flaxseed, Organic, Vegan Friendly & Gluten Free",£5.99,https://www.nutriseed.co.uk/collections/essential-fatty-acids/products/nutriseed-ground-flaxseed-1-5k
Pea Protein Isolate,£5.99,https://www.nutriseed.co.uk/collections/essential-fatty-acids/products/pea-protein-1
Organic Shelled Hemp Seeds,£5.99,https://www.nutriseed.co.uk/collections/essential-fatty-acids/products/hemp-by-nutriseed
Cashew Nuts,£4.99,https://www.nutriseed.co.uk/collections/essential-fatty-acids/products/cashew-nuts
Almonds,£6.99,https://www.nutriseed.co.uk/collections/essential-fatty-acids/products/almonds
Brazil Nuts,£4.99,https://www.nutriseed.co.uk/collections/essential-fatty-acids/products/brazil-nuts
Chia Flax,£4.99,https://www.nutriseed.co.uk/collections/essential-fatty-acids/products/chia-flax
,,https://www.nutriseed.co.uk/pages/total-superfoods-1
Superfood Smoothie Bundle - 30 Day Supply,,https://www.nutriseed.co.uk/collections/superfood-powders/products/superfood-smoothie-bundle
Total Greens,£18.99,https://www.nutriseed.co.uk/collections/superfood-powders/products/total-greens
Total Superfoods Capsules - 500mg,,https://www.nutriseed.co.uk/collections/superfood-powders/products/total-superfoods-capsules
"Maca Powder, Organic, Vegan & Gluten Free",£2.89,https://www.nutriseed.co.uk/collections/superfood-powders/products/maca-powder-by-nutriseed
"Acai Berry Powder, Organic, Vegan Friendly & Gluten Free",£6.49,https://www.nutriseed.co.uk/collections/superfood-powders/products/acai-berry-powder
Organic Ceremonial Green Matcha Tea,£8.99,https://www.nutriseed.co.uk/collections/superfood-powders/products/ceremonial-green-matcha-tea
"Spirulina Powder, Organic, Vegan & Gluten Free",£5.99,https://www.nutriseed.co.uk/collections/superfood-powders/products/spirulina-powder
"Ashwagandha Root Powder, Organic, Vegan Friendly & Gluten Free",£6.99,https://www.nutriseed.co.uk/collections/superfood-powders/products/ashwagandha-by-nutriseed
Acai Berry Capsules,£8.99,https://www.nutriseed.co.uk/collections/antioxidants/products/acai-berry-capsules
Ashwagandha Capsules,£14.99,https://www.nutriseed.co.uk/collections/antioxidants/products/ashwagandha-capsules
"Acai Berry Powder, Organic, Vegan Friendly & Gluten Free",£6.49,https://www.nutriseed.co.uk/collections/antioxidants/products/acai-berry-powder
Brazil Nuts,£4.99,https://www.nutriseed.co.uk/collections/antioxidants/products/brazil-nuts
Berry Porridge,£9.99,https://www.nutriseed.co.uk/collections/antioxidants/products/berry-porridge
Barley Grass Capsules - 500mg,£9.99,https://www.nutriseed.co.uk/collections/antioxidants/products/barley-grass-capsules-500mg
Camu Camu Capsules,£12.99,https://www.nutriseed.co.uk/collections/antioxidants/products/camu-camu-capsules
"Camu Camu Powder, Organic, Vegan Friendly & Gluten Free",£9.99,https://www.nutriseed.co.uk/collections/antioxidants/products/camu-camu-powder-by-nutriseed
Cacao Porridge,£9.99,https://www.nutriseed.co.uk/collections/antioxidants/products/cacao-porridge
Multi Vitamin and Mineral Tablets,£12.99,https://www.nutriseed.co.uk/collections/multivitamins/products/multi-vitamin-and-mineral-tablets
VITAMIN B12 TABLETS 1000MCG,£4.99,https://www.nutriseed.co.uk/collections/multivitamins/products/vitamin-b12
ZMA CAPSULES,£14.99,https://www.nutriseed.co.uk/collections/multivitamins/products/zma-capsules
"Spirulina Powder, Organic, Vegan & Gluten Free",£5.99,https://www.nutriseed.co.uk/collections/anti-ageing/products/spirulina-powder
Goji Berries,£5.99,https://www.nutriseed.co.uk/collections/anti-ageing/products/goji-berries
Wheatgrass Powder - New Zealand,£5.99,https://www.nutriseed.co.uk/collections/anti-ageing/products/wheatgrass-by-nutriseed
Organic Chlorella Tablets - 500mg,£5.99,https://www.nutriseed.co.uk/collections/anti-ageing/products/chlorella-tablets
"Bee Pollen, All-Natural & Gluten Free",£3.99,https://www.nutriseed.co.uk/collections/anti-ageing/products/bee-pollen-all-natural-gluten-free
"Spirulina Capsules - 500mg, Organic & Gluten Free",£4.99,https://www.nutriseed.co.uk/collections/anti-ageing/products/spirulina-capsules-1
Almonds,£6.99,https://www.nutriseed.co.uk/collections/anti-ageing/products/almonds
Turmeric Powder,£3.99,https://www.nutriseed.co.uk/collections/anti-ageing/products/turmeric-powder
"Ground Golden Flaxseed, Organic, Vegan Friendly & Gluten Free",£5.99,https://www.nutriseed.co.uk/collections/anti-inflammatory/products/nutriseed-ground-flaxseed-1-5k
Nutriseed Cold Pressed Juice Diet - 5 Day,£99.99,https://www.nutriseed.co.uk/collections/anti-ageing/products/nutriseed-cold-pressed-juice-diet
Beetroot Powder,£2.99,https://www.nutriseed.co.uk/collections/anti-inflammatory/products/beetroot-powder
Total Greens,£18.99,https://www.nutriseed.co.uk/collections/anti-inflammatory/products/total-greens
Chia Flax,£4.99,https://www.nutriseed.co.uk/collections/anti-inflammatory/products/chia-flax
Turmeric Powder,£3.99,https://www.nutriseed.co.uk/collections/anti-inflammatory/products/turmeric-powder
Walnuts,£4.99,https://www.nutriseed.co.uk/collections/anti-inflammatory/products/walnuts
Turmeric Capsules - 500mg,£9.99,https://www.nutriseed.co.uk/collections/anti-inflammatory/products/turmeric-capsules
Multi Vitamin and Mineral Tablets,£12.99,https://www.nutriseed.co.uk/collections/anti-inflammatory/products/multi-vitamin-and-mineral-tablets
Acai Berry Capsules,£8.99,https://www.nutriseed.co.uk/collections/anti-inflammatory/products/acai-berry-capsules
"Ground Golden Flaxseed, Organic, Vegan Friendly & Gluten Free",£5.99,https://www.nutriseed.co.uk/collections/digestion/products/nutriseed-ground-flaxseed-1-5k
Slippery Elm Powder,£9.99,https://www.nutriseed.co.uk/collections/digestion/products/slippery-elm-powder
Organic Brown Rice Protein Powder 80%,£8.49,https://www.nutriseed.co.uk/collections/digestion/products/brown-rice-portein-powder
Organic Psyllium Husk,£2.98,https://www.nutriseed.co.uk/collections/digestion/products/psyllium-husk
Turmeric Powder,£3.99,https://www.nutriseed.co.uk/collections/digestion/products/turmeric-powder
Superfood Smoothie Bundle - 30 Day Supply,,https://www.nutriseed.co.uk/collections/digestion/products/superfood-smoothie-bundle
Multi Vitamin and Mineral Tablets,£12.99,https://www.nutriseed.co.uk/collections/digestion/products/multi-vitamin-and-mineral-tablets
Nutriseed Cold Pressed Juice Diet,,https://www.nutriseed.co.uk/products/cold-pressed-juice-cleanse
Almonds,£6.99,https://www.nutriseed.co.uk/collections/digestion/products/almonds
Cod Liver Oil Capsules 1000mg,£4.99,https://www.nutriseed.co.uk/collections/fish-oils-1/products/cod-liver-oil-capsules
Krill Oil Capsules 500mg,£13.95,https://www.nutriseed.co.uk/collections/fish-oils-1/products/krill-oil-capsules
Omega 3 6 9 Capsules - 1000mg,£9.99,https://www.nutriseed.co.uk/collections/fish-oils-1/products/omega-3-6-9-capsules-new
"Acai Berry Powder, Organic, Vegan Friendly & Gluten Free",£6.49,https://www.nutriseed.co.uk/collections/fruit-powders/products/acai-berry-powder
"Spirulina Powder, Organic, Vegan & Gluten Free",£5.99,https://www.nutriseed.co.uk/collections/green-supplements/products/spirulina-powder
Wheatgrass Powder - New Zealand,£5.99,https://www.nutriseed.co.uk/collections/green-supplements/products/wheatgrass-by-nutriseed
"Camu Camu Powder, Organic, Vegan Friendly & Gluten Free",£9.99,https://www.nutriseed.co.uk/collections/fruit-powders/products/camu-camu-powder-by-nutriseed
Organic Banana Powder,£4.99,https://www.nutriseed.co.uk/collections/fruit-powders/products/organic-banana-powder
Organic Blueberry Powder,£18.99,https://www.nutriseed.co.uk/collections/fruit-powders/products/organic-blueberry-powder
Organic Goji Berry Powder,£9.99,https://www.nutriseed.co.uk/collections/fruit-powders/products/goji-berry-powder
Organic Kale Powder,£4.99,https://www.nutriseed.co.uk/collections/fruit-powders/products/organic-kale-powder
Raspberry Powder,£3.99,https://www.nutriseed.co.uk/collections/fruit-powders/products/raspberry-powder-by-nutriseed
Organic Spinach Powder,£1.99,https://www.nutriseed.co.uk/collections/fruit-powders/products/organic-spinach-powder
"Spirulina Capsules - 500mg, Organic & Gluten Free",£4.99,https://www.nutriseed.co.uk/collections/green-supplements/products/spirulina-capsules-1
Organic Lucuma Powder,£4.99,https://www.nutriseed.co.uk/collections/fruit-powders/products/organic-lucuma-powder
Total Greens,£18.99,https://www.nutriseed.co.uk/collections/green-supplements/products/total-greens
Organic Barley Grass,£4.49,https://www.nutriseed.co.uk/collections/green-supplements/products/organic-barley-grass
Organic Kale Powder,£4.99,https://www.nutriseed.co.uk/collections/green-supplements/products/organic-kale-powder
Organic Chlorella Powder,£11.99,https://www.nutriseed.co.uk/collections/green-supplements/products/chlorella-powder
Organic Spinach Powder,£1.99,https://www.nutriseed.co.uk/collections/green-supplements/products/organic-spinach-powder
Wheatgrass Capsules - 500mg,£9.99,https://www.nutriseed.co.uk/collections/green-supplements/products/wheatgrass-powder-capsules
Organic Virgin Coconut Oil - 500ml Jar,,https://www.nutriseed.co.uk/collections/hair-skin-and-nails/products/organic-virgin-coconut-oil
Himalayan Rock Salt,£3.99,https://www.nutriseed.co.uk/collections/hair-skin-and-nails/products/himalayan-rock-salt
Bentonite Clay,£9.99,https://www.nutriseed.co.uk/collections/hair-skin-and-nails/products/bentonite-clay
Nutriseed Moisturising Cream,£29.99,https://www.nutriseed.co.uk/collections/hair-skin-and-nails/products/linseed-skin-cream
Superfood Porridge,£9.99,https://www.nutriseed.co.uk/collections/heart-health/products/super-food-porridge
Walnuts,£4.99,https://www.nutriseed.co.uk/collections/heart-health/products/walnuts
Macadamia Nuts,£9.99,https://www.nutriseed.co.uk/collections/heart-health/products/macadamia-nuts
Superfood Nut Butter - 500g,£11.99,https://www.nutriseed.co.uk/collections/heart-health/products/superfood-nut-butter
Organic Spinach Powder,£1.99,https://www.nutriseed.co.uk/collections/heart-health/products/organic-spinach-powder
Cacao Porridge,£9.99,https://www.nutriseed.co.uk/collections/heart-health/products/cacao-porridge
Nutriseed Nut Mix,£5.99,https://www.nutriseed.co.uk/collections/heart-health/products/nutriseed-nut-mix
"Maca Powder - 100g - Organic, Vegan & Gluten Free",£3.89,https://www.nutriseed.co.uk/collections/high-fibre/products/maca-root-powder-100g-organic-vegan-gluten-free
Organic Psyllium Husk,£2.98,https://www.nutriseed.co.uk/collections/high-fibre/products/psyllium-husk
Maca Capsules,£14.99,https://www.nutriseed.co.uk/collections/high-fibre/products/maca-capsules
Hazelnuts,£4.99,https://www.nutriseed.co.uk/collections/heart-health/products/hazelnuts
Chia Flax,£4.99,https://www.nutriseed.co.uk/collections/high-fibre/products/chia-flax
"Chia Seeds, Organic, Vegan Friendly & Gluten Free",£6.99,https://www.nutriseed.co.uk/collections/high-fibre/products/chia-seeds
Whole Grain Porridge Oats,£3.99,https://www.nutriseed.co.uk/collections/high-fibre/products/porridge-oats
Whole Brown Linseed / Flaxseed,£1.99,https://www.nutriseed.co.uk/collections/high-fibre/products/whole-linseed-flaxseed
Seedy Porridge,£9.99,https://www.nutriseed.co.uk/collections/high-fibre/products/seedy-porridge
Superfood Smoothie Bundle - 30 Day Supply,,https://www.nutriseed.co.uk/collections/high-fibre/products/superfood-smoothie-bundle
Acai Berry Capsules,£8.99,https://www.nutriseed.co.uk/collections/immune-system/products/acai-berry-capsules
"Acai Berry Powder, Organic, Vegan Friendly & Gluten Free",£6.49,https://www.nutriseed.co.uk/collections/immune-system/products/acai-berry-powder
Barley Grass Capsules - 500mg,£9.99,https://www.nutriseed.co.uk/collections/immune-system/products/barley-grass-capsules-500mg
Beetroot Powder,£2.99,https://www.nutriseed.co.uk/collections/immune-system/products/beetroot-powder
"Bee Pollen, All-Natural & Gluten Free",£3.99,https://www.nutriseed.co.uk/collections/immune-system/products/bee-pollen-all-natural-gluten-free
Berry Porridge,£9.99,https://www.nutriseed.co.uk/collections/immune-system/products/berry-porridge
Cacao Porridge,£9.99,https://www.nutriseed.co.uk/collections/immune-system/products/cacao-porridge
Camu Camu Capsules,£12.99,https://www.nutriseed.co.uk/collections/immune-system/products/camu-camu-capsules
"Camu Camu Powder, Organic, Vegan Friendly & Gluten Free",£9.99,https://www.nutriseed.co.uk/collections/immune-system/products/camu-camu-powder-by-nutriseed
Organic Ceremonial Green Matcha Tea,£8.99,https://www.nutriseed.co.uk/collections/joint-care/products/ceremonial-green-matcha-tea
Superfood Porridge,£9.99,https://www.nutriseed.co.uk/collections/joint-care/products/super-food-porridge
Almonds,£6.99,https://www.nutriseed.co.uk/collections/joint-care/products/almonds
Turmeric Powder,£3.99,https://www.nutriseed.co.uk/collections/joint-care/products/turmeric-powder
Walnuts,£4.99,https://www.nutriseed.co.uk/collections/joint-care/products/walnuts
Turmeric Capsules - 500mg,£9.99,https://www.nutriseed.co.uk/collections/joint-care/products/turmeric-capsules
Macadamia Nuts,£9.99,https://www.nutriseed.co.uk/collections/joint-care/products/macadamia-nuts
Multi Vitamin and Mineral Tablets,£12.99,https://www.nutriseed.co.uk/collections/joint-care/products/multi-vitamin-and-mineral-tablets
Superfood Nut Butter - 500g,£11.99,https://www.nutriseed.co.uk/collections/joint-care/products/superfood-nut-butter
Ashwagandha Capsules,£14.99,https://www.nutriseed.co.uk/collections/libido-support-1/products/ashwagandha-capsules
"Ashwagandha Root Powder, Organic, Vegan Friendly & Gluten Free",£6.99,https://www.nutriseed.co.uk/collections/libido-support-1/products/ashwagandha-by-nutriseed
Maca Capsules,£14.99,https://www.nutriseed.co.uk/collections/libido-support-1/products/maca-capsules
"Maca Powder - 100g - Organic, Vegan & Gluten Free",£3.89,https://www.nutriseed.co.uk/collections/libido-support-1/products/maca-root-powder-100g-organic-vegan-gluten-free
"Maca Powder, Organic, Vegan & Gluten Free",£2.89,https://www.nutriseed.co.uk/collections/libido-support-1/products/maca-powder-by-nutriseed
"Camu Camu Powder, Organic, Vegan Friendly & Gluten Free",£9.99,https://www.nutriseed.co.uk/collections/brain-function/products/camu-camu-powder-by-nutriseed
Acai Berry Capsules,£8.99,https://www.nutriseed.co.uk/collections/brain-function/products/acai-berry-capsules
"Acai Berry Powder, Organic, Vegan Friendly & Gluten Free",£6.49,https://www.nutriseed.co.uk/collections/brain-function/products/acai-berry-powder
Almond Butter,£11.99,https://www.nutriseed.co.uk/collections/brain-function/products/almond-butter
Berry Porridge,£9.99,https://www.nutriseed.co.uk/collections/brain-function/products/berry-porridge
Ceremonial Matcha Tea Capsules - 500mg,£9.99,https://www.nutriseed.co.uk/collections/brain-function/products/ceremonial-matcha-capsules-500mg
Chlorulina,£14.99,https://www.nutriseed.co.uk/collections/brain-function/products/chlorulina
Hazelnuts,£4.99,https://www.nutriseed.co.uk/collections/brain-function/products/hazelnuts
Acai Berry Capsules,£8.99,https://www.nutriseed.co.uk/collections/fat-burners/products/acai-berry-capsules
Ceremonial Matcha Tea Capsules - 500mg,£9.99,https://www.nutriseed.co.uk/collections/fat-burners/products/ceremonial-matcha-capsules-500mg
CLA 1000mg Softgels,£9.99,https://www.nutriseed.co.uk/collections/fat-burners/products/cla-1000mg-softgels
Raw Organic Cacao Powder,£2.99,https://www.nutriseed.co.uk/collections/organic-food/products/nutriseed-cocoa-powder-1-5k-1
L-Carnitine 500mg Tablets,£9.99,https://www.nutriseed.co.uk/collections/fat-burners/products/l-carnatine-tablets
Festive Porridge,£9.99,https://www.nutriseed.co.uk/collections/brain-function/products/festive-porridge
"Maca Powder, Organic, Vegan & Gluten Free",£2.89,https://www.nutriseed.co.uk/collections/organic-food/products/maca-powder-by-nutriseed
Wheatgrass Powder - New Zealand,£5.99,https://www.nutriseed.co.uk/collections/organic-food/products/wheatgrass-by-nutriseed
Raw Organic Cacao Nibs,£5.99,https://www.nutriseed.co.uk/collections/organic-food/products/raw-cacao-nibs
Ashwagandha Capsules,£14.99,https://www.nutriseed.co.uk/collections/organic-food/products/ashwagandha-capsules
Organic Coconut Sugar,£2.99,https://www.nutriseed.co.uk/collections/organic-food/products/organic-coconut-sugar
"Hemp Protein Powder, Organic, Vegan-Friendly & Gluten Free",£11.49,https://www.nutriseed.co.uk/collections/organic-food/products/hemp-protein-powder
"Maca Powder - 100g - Organic, Vegan & Gluten Free",£3.89,https://www.nutriseed.co.uk/collections/organic-food/products/maca-root-powder-100g-organic-vegan-gluten-free
Paleo Bundle,£74.99,https://www.nutriseed.co.uk/collections/paleo-store/products/the-paleo-bundle
Seed & Nut Bread Mix,£6.99,https://www.nutriseed.co.uk/collections/paleo-store/products/seed-nut-bread-mix
Nutriseed Nut Mix,£5.99,https://www.nutriseed.co.uk/collections/paleo-store/products/nutriseed-nut-mix
Almond Butter,£11.99,https://www.nutriseed.co.uk/collections/paleo-store/products/almond-butter
"Chia Seeds, Organic, Vegan Friendly & Gluten Free",£6.99,https://www.nutriseed.co.uk/collections/paleo-store/products/chia-seeds
Goji Berries,£5.99,https://www.nutriseed.co.uk/collections/paleo-store/products/goji-berries
Organic Coconut Sugar,£2.99,https://www.nutriseed.co.uk/collections/paleo-store/products/organic-coconut-sugar
Organic Virgin Coconut Oil - 500ml Jar,,https://www.nutriseed.co.uk/collections/paleo-store/products/organic-virgin-coconut-oil
"Maca Powder, Organic, Vegan & Gluten Free",£2.89,https://www.nutriseed.co.uk/collections/paleo-store/products/maca-powder-by-nutriseed
Superfood Smoothie Bundle - 30 Day Supply,,https://www.nutriseed.co.uk/collections/banting-store/products/superfood-smoothie-bundle
"Ground Golden Flaxseed, Organic, Vegan Friendly & Gluten Free",£5.99,https://www.nutriseed.co.uk/collections/banting-store/products/nutriseed-ground-flaxseed-1-5k
Raw Organic Cacao Nibs,£5.99,https://www.nutriseed.co.uk/collections/banting-store/products/raw-cacao-nibs
Almonds,£6.99,https://www.nutriseed.co.uk/collections/banting-store/products/almonds
Organic Psyllium Husk,£2.98,https://www.nutriseed.co.uk/collections/banting-store/products/psyllium-husk
Turmeric Powder,£3.99,https://www.nutriseed.co.uk/collections/banting-store/products/turmeric-powder
Organic Spinach Powder,£1.99,https://www.nutriseed.co.uk/collections/banting-store/products/organic-spinach-powder
Chia Cocoa,£8.99,https://www.nutriseed.co.uk/collections/banting-store/products/chia-cocoa
Organic Virgin Coconut Oil - 500ml Jar,,https://www.nutriseed.co.uk/collections/ketogentic-collection/products/organic-virgin-coconut-oil
"Chia Seeds, Organic, Vegan Friendly & Gluten Free",£6.99,https://www.nutriseed.co.uk/collections/ketogentic-collection/products/chia-seeds
"Ground Golden Flaxseed, Organic, Vegan Friendly & Gluten Free",£5.99,https://www.nutriseed.co.uk/collections/ketogentic-collection/products/nutriseed-ground-flaxseed-1-5k
Almond Butter,£11.99,https://www.nutriseed.co.uk/collections/ketogentic-collection/products/almond-butter
Flaxseed Oil Capsules,£4.99,https://www.nutriseed.co.uk/collections/ketogentic-collection/products/flaxseed-oil-capsules
Cod Liver Oil Capsules 1000mg,£4.99,https://www.nutriseed.co.uk/collections/ketogentic-collection/products/cod-liver-oil-capsules
Roasted and Salted Pistachio Nuts,£8.99,https://www.nutriseed.co.uk/collections/ketogentic-collection/products/pistachio-nuts
Ground Almond Meal,£6.99,https://www.nutriseed.co.uk/collections/ketogentic-collection/products/ground-almond-meal
Chia Flax,£4.99,https://www.nutriseed.co.uk/collections/ketogentic-collection/products/chia-flax
"Spirulina Powder, Organic, Vegan & Gluten Free",£5.99,https://www.nutriseed.co.uk/collections/high-protein-foods/products/spirulina-powder
"Hemp Protein Powder, Organic, Vegan-Friendly & Gluten Free",£11.49,https://www.nutriseed.co.uk/collections/high-protein-foods/products/hemp-protein-powder
Pea Protein Isolate,£5.99,https://www.nutriseed.co.uk/collections/high-protein-foods/products/pea-protein-1
Almonds,£6.99,https://www.nutriseed.co.uk/collections/high-protein-foods/products/almonds
,,https://www.nutriseed.co.uk/pages/superfood-protein
Walnuts,£4.99,https://www.nutriseed.co.uk/collections/high-protein-foods/products/walnuts
Cashew Nuts,£4.99,https://www.nutriseed.co.uk/collections/high-protein-foods/products/cashew-nuts
Macadamia Nuts,£9.99,https://www.nutriseed.co.uk/collections/high-protein-foods/products/macadamia-nuts
Brazil Nuts,£4.99,https://www.nutriseed.co.uk/collections/high-protein-foods/products/brazil-nuts
Nutriseed Cold Pressed Juice Diet - 5 Day,£99.99,https://www.nutriseed.co.uk/collections/juicing-1/products/nutriseed-cold-pressed-juice-diet
Nutriseed Cold Pressed Juice Diet - 7 Day,£139.99,https://www.nutriseed.co.uk/collections/juicing-1/products/copy-of-nutriseed-cold-pressed-juice-diet-7-day
Total Greens,£18.99,https://www.nutriseed.co.uk/collections/smoothies-and-shake-store/products/total-greens
Superfood Smoothie Bundle - 30 Day Supply,,https://www.nutriseed.co.uk/collections/smoothies-and-shake-store/products/superfood-smoothie-bundle
"Acai Berry Powder, Organic, Vegan Friendly & Gluten Free",£6.49,https://www.nutriseed.co.uk/collections/smoothies-and-shake-store/products/acai-berry-powder
Nutriseed Cold Pressed Juice Diet - 10 Day,£179.99,https://www.nutriseed.co.uk/collections/juicing-1/products/nutriseed-cold-pressed-juice-diet-10-day
Nutriseed Cold Pressed Juice Diet - 3 Day,,https://www.nutriseed.co.uk/collections/juicing-1/products/nutriseed-cold-pressed-juice-diet-3-day
"Hemp Protein Powder, Organic, Vegan-Friendly & Gluten Free",£11.49,https://www.nutriseed.co.uk/collections/smoothies-and-shake-store/products/hemp-protein-powder
"Maca Powder, Organic, Vegan & Gluten Free",£2.89,https://www.nutriseed.co.uk/collections/smoothies-and-shake-store/products/maca-powder-by-nutriseed
Organic Ceremonial Green Matcha Tea,£8.99,https://www.nutriseed.co.uk/collections/smoothies-and-shake-store/products/ceremonial-green-matcha-tea
"Chia Seeds, Organic, Vegan Friendly & Gluten Free",£6.99,https://www.nutriseed.co.uk/collections/smoothies-and-shake-store/products/chia-seeds
Ground Almond Meal,£6.99,https://www.nutriseed.co.uk/collections/baking/products/ground-almond-meal
Chia Cocoa,£8.99,https://www.nutriseed.co.uk/collections/smoothies-and-shake-store/products/chia-cocoa
Seed & Nut Bread Mix,£6.99,https://www.nutriseed.co.uk/collections/baking/products/seed-nut-bread-mix
Vanilla Powder,£22.99,https://www.nutriseed.co.uk/collections/baking/products/vanilla-powder
Superfood Porridge,£9.99,https://www.nutriseed.co.uk/collections/breakfast/products/super-food-porridge
Seed & Nut Bread Mix,£6.99,https://www.nutriseed.co.uk/collections/breakfast/products/seed-nut-bread-mix
Cacao Porridge,£9.99,https://www.nutriseed.co.uk/collections/breakfast/products/cacao-porridge
Berry Porridge,£9.99,https://www.nutriseed.co.uk/collections/breakfast/products/berry-porridge
Seedy Porridge,£9.99,https://www.nutriseed.co.uk/collections/breakfast/products/seedy-porridge
Superfood Nut Butter - 500g,£11.99,https://www.nutriseed.co.uk/collections/breakfast/products/superfood-nut-butter
Almond Butter,£11.99,https://www.nutriseed.co.uk/collections/breakfast/products/almond-butter
Festive Porridge,£9.99,https://www.nutriseed.co.uk/collections/breakfast/products/festive-porridge
Nutriseed Cold Pressed Juice Diet - 5 Day,£99.99,https://www.nutriseed.co.uk/collections/breakfast/products/nutriseed-cold-pressed-juice-diet-5-day
Organic Ceremonial Green Matcha Tea,£8.99,https://www.nutriseed.co.uk/collections/tea-store/products/ceremonial-green-matcha-tea
Yerba Mate Tea,£4.99,https://www.nutriseed.co.uk/collections/tea-store/products/yerba-mate-tea
Vanilla Powder,£22.99,https://www.nutriseed.co.uk/collections/smartcooking/products/vanilla-powder
Raspberry Powder,£3.99,https://www.nutriseed.co.uk/collections/smartcooking/products/raspberry-powder-by-nutriseed
Organic Coconut Sugar,£2.99,https://www.nutriseed.co.uk/collections/smartcooking/products/organic-coconut-sugar
Organic Brown Rice Flour,£1.49,https://www.nutriseed.co.uk/collections/smartcooking/products/brown-rice-flour
Raw Organic Cacao Powder,£2.99,https://www.nutriseed.co.uk/collections/smartcooking/products/nutriseed-cocoa-powder-1-5k-1
Himalayan Rock Salt,£3.99,https://www.nutriseed.co.uk/collections/smartcooking/products/himalayan-rock-salt
Coconut Flour,£3.49,https://www.nutriseed.co.uk/collections/smartcooking/products/coconut-flour
Organic Virgin Coconut Oil - 500ml Jar,,https://www.nutriseed.co.uk/collections/smartcooking/products/organic-virgin-coconut-oil
Ground Almond Meal,£6.99,https://www.nutriseed.co.uk/collections/smartcooking/products/ground-almond-meal
Nutriseed Nut Mix,£5.99,https://www.nutriseed.co.uk/collections/nuts/products/nutriseed-nut-mix
Almonds,£6.99,https://www.nutriseed.co.uk/collections/nuts/products/almonds
Roasted and Salted Pistachio Nuts,£8.99,https://www.nutriseed.co.uk/collections/nuts/products/pistachio-nuts
Macadamia Nuts,£9.99,https://www.nutriseed.co.uk/collections/nuts/products/macadamia-nuts
Cashew Nuts,£4.99,https://www.nutriseed.co.uk/collections/nuts/products/cashew-nuts
Walnuts,£4.99,https://www.nutriseed.co.uk/collections/nuts/products/walnuts
Brazil Nuts,£4.99,https://www.nutriseed.co.uk/collections/nuts/products/brazil-nuts
Almond Butter,£11.99,https://www.nutriseed.co.uk/collections/nuts/products/almond-butter
Hazelnuts,£4.99,https://www.nutriseed.co.uk/collections/nuts/products/hazelnuts
Superfood Smoothie Bundle - 30 Day Supply,,https://www.nutriseed.co.uk/collections/chia-store/products/superfood-smoothie-bundle
"Chia Seeds, Organic, Vegan Friendly & Gluten Free",£6.99,https://www.nutriseed.co.uk/collections/chia-store/products/chia-seeds
Chia Cocoa,£8.99,https://www.nutriseed.co.uk/collections/chia-store/products/chia-cocoa
Seedy Snack Blend,£5.99,https://www.nutriseed.co.uk/collections/chia-store/products/seedy-snack-blend
Superfood Porridge,£9.99,https://www.nutriseed.co.uk/collections/chia-store/products/super-food-porridge
Chia Flax,£4.99,https://www.nutriseed.co.uk/collections/chia-store/products/chia-flax
Total Superfoods Capsules - 500mg,,https://www.nutriseed.co.uk/collections/chia-store/products/total-superfoods-capsules
Raw Organic Cacao Powder,£2.99,https://www.nutriseed.co.uk/collections/smoothies/products/nutriseed-cocoa-powder-1-5k-1
Weight Management Collection - 30 Day,£59.99,https://www.nutriseed.co.uk/collections/chia-store/products/weight-management-collection
"Chia Seeds, Organic, Vegan Friendly & Gluten Free",£6.99,https://www.nutriseed.co.uk/collections/smoothies/products/chia-seeds
"Acai Berry Powder, Organic, Vegan Friendly & Gluten Free",£6.49,https://www.nutriseed.co.uk/collections/smoothies/products/acai-berry-powder
Organic Ceremonial Green Matcha Tea,£8.99,https://www.nutriseed.co.uk/collections/smoothies/products/ceremonial-green-matcha-tea
"Spirulina Powder, Organic, Vegan & Gluten Free",£5.99,https://www.nutriseed.co.uk/collections/smoothies/products/spirulina-powder
Wheatgrass Powder - New Zealand,£5.99,https://www.nutriseed.co.uk/collections/smoothies/products/wheatgrass-by-nutriseed
Chia Cocoa,£8.99,https://www.nutriseed.co.uk/collections/superseeds-store/products/chia-cocoa
"Ground Golden Flaxseed, Organic, Vegan Friendly & Gluten Free",£5.99,https://www.nutriseed.co.uk/collections/superseeds-store/products/nutriseed-ground-flaxseed-1-5k
"Hemp Protein Powder, Organic, Vegan-Friendly & Gluten Free",£11.49,https://www.nutriseed.co.uk/collections/smoothies/products/hemp-protein-powder
Chia Flax,£4.99,https://www.nutriseed.co.uk/collections/superseeds-store/products/chia-flax
"Chia Seeds, Organic, Vegan Friendly & Gluten Free",£6.99,https://www.nutriseed.co.uk/collections/superseeds-store/products/chia-seeds
Organic Psyllium Husk,£2.98,https://www.nutriseed.co.uk/collections/superseeds-store/products/psyllium-husk
Organic Shelled Hemp Seeds,£5.99,https://www.nutriseed.co.uk/collections/superseeds-store/products/hemp-by-nutriseed
Psyllium Husk Capsules - 300mg,£14.99,https://www.nutriseed.co.uk/collections/superseeds-store/products/psyllium-husk-capsules
Pumpkin Seeds,£3.99,https://www.nutriseed.co.uk/collections/superseeds-store/products/pumpkin-seeds
Seedy Snack Blend,£5.99,https://www.nutriseed.co.uk/collections/superseeds-store/products/seedy-snack-blend
"Chia Seeds, Organic, Vegan Friendly & Gluten Free",£6.99,https://www.nutriseed.co.uk/collections/vegan-1/products/chia-seeds
Organic Ceremonial Green Matcha Tea,£8.99,https://www.nutriseed.co.uk/collections/vegan-1/products/ceremonial-green-matcha-tea
"Acai Berry Powder, Organic, Vegan Friendly & Gluten Free",£6.49,https://www.nutriseed.co.uk/collections/vegan-1/products/acai-berry-powder
Goji Berries,£5.99,https://www.nutriseed.co.uk/collections/vegan-1/products/goji-berries
Wheatgrass Powder - New Zealand,£5.99,https://www.nutriseed.co.uk/collections/vegan-1/products/wheatgrass-by-nutriseed
Ashwagandha Capsules,£14.99,https://www.nutriseed.co.uk/collections/vegan-1/products/ashwagandha-capsules
"Ashwagandha Root Powder, Organic, Vegan Friendly & Gluten Free",£6.99,https://www.nutriseed.co.uk/collections/vegan-1/products/ashwagandha-by-nutriseed
Whey Protein,£13.99,https://www.nutriseed.co.uk/collections/protein/products/whey-protein
"Hemp Protein Powder, Organic, Vegan-Friendly & Gluten Free",£11.49,https://www.nutriseed.co.uk/collections/protein/products/hemp-protein-powder
Chlorulina,£14.99,https://www.nutriseed.co.uk/collections/protein/products/chlorulina
"Spirulina Powder, Organic, Vegan & Gluten Free",£5.99,https://www.nutriseed.co.uk/collections/protein/products/spirulina-powder
Organic Brown Rice Protein Powder 80%,£8.49,https://www.nutriseed.co.uk/collections/protein/products/brown-rice-portein-powder
Almond Butter,£11.99,https://www.nutriseed.co.uk/collections/protein/products/almond-butter
Nutriseed Nut Mix,£5.99,https://www.nutriseed.co.uk/collections/protein/products/nutriseed-nut-mix
"Hemp Protein Powder, Organic, Vegan-Friendly & Gluten Free",£11.49,https://www.nutriseed.co.uk/collections/vegan-protein/products/hemp-protein-powder
Pea Protein Isolate,£5.99,https://www.nutriseed.co.uk/collections/vegan-protein/products/pea-protein-1
Organic Brown Rice Protein Powder 80%,£8.49,https://www.nutriseed.co.uk/collections/vegan-protein/products/brown-rice-portein-powder
Whey Protein,£13.99,https://www.nutriseed.co.uk/collections/lean-muscle/products/whey-protein
"Hemp Protein Powder, Organic, Vegan-Friendly & Gluten Free",£11.49,https://www.nutriseed.co.uk/collections/lean-muscle/products/hemp-protein-powder
Pea Protein Isolate,£5.99,https://www.nutriseed.co.uk/collections/lean-muscle/products/pea-protein-1
Pea Protein Isolate,£5.99,https://www.nutriseed.co.uk/collections/protein/products/pea-protein-1
L-Carnitine 500mg Tablets,£9.99,https://www.nutriseed.co.uk/collections/lean-muscle/products/copy-of-l-carnitine-500mg-tablets
"Spirulina Powder, Organic, Vegan & Gluten Free",£5.99,https://www.nutriseed.co.uk/collections/lean-muscle/products/spirulina-powder
ZMA CAPSULES,£14.99,https://www.nutriseed.co.uk/collections/lean-muscle/products/zma-capsules
"Spirulina Capsules - 500mg, Organic & Gluten Free",£4.99,https://www.nutriseed.co.uk/collections/lean-muscle/products/spirulina-capsules-1
Almonds,£6.99,https://www.nutriseed.co.uk/collections/lean-muscle/products/almonds
"Hemp Protein Powder, Organic, Vegan-Friendly & Gluten Free",£11.49,https://www.nutriseed.co.uk/collections/muscle/products/hemp-protein-powder
"Spirulina Powder, Organic, Vegan & Gluten Free",£5.99,https://www.nutriseed.co.uk/collections/muscle/products/spirulina-powder
Pea Protein Isolate,£5.99,https://www.nutriseed.co.uk/collections/muscle/products/pea-protein-1
"Spirulina Capsules - 500mg, Organic & Gluten Free",£4.99,https://www.nutriseed.co.uk/collections/muscle/products/spirulina-capsules-1
Almonds,£6.99,https://www.nutriseed.co.uk/collections/muscle/products/almonds
Krill Oil Capsules 500mg,£13.95,https://www.nutriseed.co.uk/collections/muscle/products/krill-oil-capsules
Organic Spinach Powder,£1.99,https://www.nutriseed.co.uk/collections/muscle/products/organic-spinach-powder
Cashew Nuts,£4.99,https://www.nutriseed.co.uk/collections/muscle/products/cashew-nuts
Creatine Capsules - 700mg,£9.99,https://www.nutriseed.co.uk/collections/creatine/products/creatine-capsules
Acai Berry Capsules,£8.99,https://www.nutriseed.co.uk/collections/fertility-1/products/acai-berry-capsules
Organic Brown Rice Protein Powder 80%,£8.49,https://www.nutriseed.co.uk/collections/muscle/products/brown-rice-portein-powder
"Acai Berry Powder, Organic, Vegan Friendly & Gluten Free",£6.49,https://www.nutriseed.co.uk/collections/fertility-1/products/acai-berry-powder
"Ground Golden Flaxseed, Organic, Vegan Friendly & Gluten Free",£5.99,https://www.nutriseed.co.uk/collections/fertility-1/products/nutriseed-ground-flaxseed-1-5k
"Maca Powder - 100g - Organic, Vegan & Gluten Free",£3.89,https://www.nutriseed.co.uk/collections/fertility-1/products/maca-root-powder-100g-organic-vegan-gluten-free
Maca Capsules,£14.99,https://www.nutriseed.co.uk/collections/fertility-1/products/maca-capsules
"Maca Powder, Organic, Vegan & Gluten Free",£2.89,https://www.nutriseed.co.uk/collections/fertility-1/products/maca-powder-by-nutriseed
Organic Cacao Beans,£5.99,https://www.nutriseed.co.uk/collections/fertility-1/products/cacao-beans
Pumpkin Seeds,£3.99,https://www.nutriseed.co.uk/collections/fertility-1/products/pumpkin-seeds
Raw Organic Cacao Nibs,£5.99,https://www.nutriseed.co.uk/collections/fertility-1/products/raw-cacao-nibs
"Chia Seeds, Organic, Vegan Friendly & Gluten Free",£6.99,https://www.nutriseed.co.uk/collections/sleep/products/chia-seeds
"Maca Powder, Organic, Vegan & Gluten Free",£2.89,https://www.nutriseed.co.uk/collections/sleep/products/maca-powder-by-nutriseed
Ashwagandha Capsules,£14.99,https://www.nutriseed.co.uk/collections/sleep/products/ashwagandha-capsules
"Ashwagandha Root Powder, Organic, Vegan Friendly & Gluten Free",£6.99,https://www.nutriseed.co.uk/collections/sleep/products/ashwagandha-by-nutriseed
Pumpkin Seeds,£3.99,https://www.nutriseed.co.uk/collections/sleep/products/pumpkin-seeds
Sesame Seeds,£3.99,https://www.nutriseed.co.uk/collections/sleep/products/sesame-seeds
ZMA CAPSULES,£14.99,https://www.nutriseed.co.uk/collections/sleep/products/zma-capsules
Almond Butter,£11.99,https://www.nutriseed.co.uk/collections/energy/products/almond-butter
Ashwagandha Capsules,£14.99,https://www.nutriseed.co.uk/collections/energy/products/ashwagandha-capsules
Almonds,£6.99,https://www.nutriseed.co.uk/collections/energy/products/almonds
"Bee Pollen, All-Natural & Gluten Free",£3.99,https://www.nutriseed.co.uk/collections/energy/products/bee-pollen-all-natural-gluten-free
"Ashwagandha Root Powder, Organic, Vegan Friendly & Gluten Free",£6.99,https://www.nutriseed.co.uk/collections/energy/products/ashwagandha-by-nutriseed
Berry Porridge,£9.99,https://www.nutriseed.co.uk/collections/energy/products/berry-porridge
Cacao Porridge,£9.99,https://www.nutriseed.co.uk/collections/energy/products/cacao-porridge
Camu Camu Capsules,£12.99,https://www.nutriseed.co.uk/collections/energy/products/camu-camu-capsules
"Camu Camu Powder, Organic, Vegan Friendly & Gluten Free",£9.99,https://www.nutriseed.co.uk/collections/energy/products/camu-camu-powder-by-nutriseed
"Chia Seeds, Organic, Vegan Friendly & Gluten Free",£6.99,https://www.nutriseed.co.uk/collections/wellbeing/products/chia-seeds
Raw Organic Cacao Powder,£2.99,https://www.nutriseed.co.uk/collections/wellbeing/products/nutriseed-cocoa-powder-1-5k-1
"Acai Berry Powder, Organic, Vegan Friendly & Gluten Free",£6.49,https://www.nutriseed.co.uk/collections/wellbeing/products/acai-berry-powder
"Maca Powder, Organic, Vegan & Gluten Free",£2.89,https://www.nutriseed.co.uk/collections/wellbeing/products/maca-powder-by-nutriseed
Organic Psyllium Husk,£2.98,https://www.nutriseed.co.uk/collections/wellbeing/products/psyllium-husk
"Spirulina Powder, Organic, Vegan & Gluten Free",£5.99,https://www.nutriseed.co.uk/collections/wellbeing/products/spirulina-powder
