prodname,prodprice,producturl
gravity track top,$64.00 USD,https://row.gymshark.com/collections/zip-jackets/products/gymshark-gravity-track-top-black-dive-blue
oversized sweater,$50.00 USD,https://row.gymshark.com/collections/pullovers/products/gymshark-oversized-sweater-charcoal-marl
storm waterproof parka,$110.00 USD,https://row.gymshark.com/collections/zip-jackets/products/gymshark-storm-waterproof-parka-light-grey
marathon jacket,$88.00 USD,https://row.gymshark.com/collections/zip-jackets/products/gymshark-marathon-jacket-black
gravity track top,$64.00 USD,https://row.gymshark.com/collections/zip-jackets/products/gymshark-gravity-track-top-black-white
storm waterproof parka,$110.00 USD,https://row.gymshark.com/collections/zip-jackets/products/gymshark-storm-waterproof-parka-black
oversized sweater,$50.00 USD,https://row.gymshark.com/collections/pullovers/products/gymshark-oversized-sweater-black
gravity track top,$64.00 USD,https://row.gymshark.com/collections/zip-jackets/products/gymshark-gravity-track-top-charcoal-black
gravity track top,$64.00 USD,https://row.gymshark.com/collections/zip-jackets/products/gymshark-gravity-track-top-charcoal-nightshade-purple
oversized sweater,$50.00 USD,https://row.gymshark.com/collections/pullovers/products/gymshark-oversized-sweater-light-grey-marl
oversized sweater,$50.00 USD,https://row.gymshark.com/collections/pullovers/products/gymshark-oversized-sweater-port
edge 1/4 zip pullover,$56.00 USD,https://row.gymshark.com/collections/pullovers/products/gymshark-edge-1-4-zip-pullover-black-v2
edge 1/4 zip pullover,$56.00 USD,https://row.gymshark.com/collections/pullovers/products/gymshark-edge-1-4-zip-pullover-white-v2
edge 1/4 zip pullover,$56.00 USD,https://row.gymshark.com/collections/pullovers/products/gymshark-edge-1-4-zip-pullover-light-grey-v2
edge 1/4 zip pullover,$56.00 USD,https://row.gymshark.com/collections/pullovers/products/gymshark-edge-1-4-zip-pullover-nightshade-purple-v2
fallout 1/4 zip pullover,$29.00 USD,https://row.gymshark.com/collections/pullovers/products/gymshark-fallout-1-4-zip-pullover-charcoal-marl
fallout 1/4 zip pullover,$29.00 USD,https://row.gymshark.com/collections/pullovers/products/gymshark-fallout-1-4-zip-pullover-light-grey-marl
fully fused hoodie,$65.00 USD,https://row.gymshark.com/collections/all-products/products/gymshark-fully-fused-hoodie-black
fully fused hoodie,$65.00 USD,https://row.gymshark.com/collections/all-products/products/gymshark-fully-fused-hoodie-charcoal-marl
fully fused zip hoodie,$68.00 USD,https://row.gymshark.com/collections/all-products/products/gymshark-fully-fused-zip-hoodie-black
fully fused zip hoodie,$68.00 USD,https://row.gymshark.com/collections/all-products/products/gymshark-fully-fused-zip-hoodie-charcoal-marl
gravity track top,$64.00 USD,https://row.gymshark.com/collections/all-products/products/gymshark-gravity-track-top-charcoal-nightshade-purple
gravity track top,$64.00 USD,https://row.gymshark.com/collections/all-products/products/gymshark-gravity-track-top-charcoal-black
gravity track top,$64.00 USD,https://row.gymshark.com/collections/all-products/products/gymshark-gravity-track-top-black-white
gravity track top,$64.00 USD,https://row.gymshark.com/collections/all-products/products/gymshark-gravity-track-top-black-dive-blue
gravity bottoms,$56.00 USD,https://row.gymshark.com/collections/all-products/products/gymshark-gravity-bottoms-black-dive-blue
gravity bottoms,$56.00 USD,https://row.gymshark.com/collections/all-products/products/gymshark-gravity-bottoms-charcoal-nightshade-purple
gravity bottoms,$56.00 USD,https://row.gymshark.com/collections/all-products/products/gymshark-gravity-bottoms-black-white
gravity bottoms,$56.00 USD,https://row.gymshark.com/collections/all-products/products/gymshark-gravity-bottoms-charcoal-black
ombre t-shirt,$40.00 USD,https://row.gymshark.com/collections/all-products/products/gymshark-ombre-t-shirt-charcoal-black
ombre t-shirt,$40.00 USD,https://row.gymshark.com/collections/all-products/products/gymshark-ombre-t-shirt-dive-blue-black
ombre t-shirt,$40.00 USD,https://row.gymshark.com/collections/all-products/products/gymshark-ombre-t-shirt-light-grey-sapphire-blue
ombre t-shirt,$40.00 USD,https://row.gymshark.com/collections/all-products/products/gymshark-ombre-t-shirt-port-charcoal
ombre long sleeve t-shirt,$44.00 USD,https://row.gymshark.com/collections/all-products/products/gymshark-ombre-long-sleeve-t-shirt-charcoal-black
ombre long sleeve t-shirt,$44.00 USD,https://row.gymshark.com/collections/all-products/products/gymshark-ombre-long-sleeve-t-shirt-dive-blue-black
ombre long sleeve t-shirt,$44.00 USD,https://row.gymshark.com/collections/all-products/products/gymshark-ombre-long-sleeve-t-shirt-light-grey-sapphire-blue
ombre long sleeve t-shirt,$44.00 USD,https://row.gymshark.com/collections/all-products/products/gymshark-ombre-long-sleeve-t-shirt-port-charcoal
eaze bottoms,$50.00 USD,https://row.gymshark.com/collections/all-products/products/gymshark-eaze-bottoms-charcoal-marl
eaze bottoms,$50.00 USD,https://row.gymshark.com/collections/all-products/products/gymshark-eaze-bottoms-light-grey
eaze zip hoodie,$60.00 USD,https://row.gymshark.com/collections/all-products/products/gymshark-eaze-zip-hoodie-charcoal-marl
eaze zip hoodie,$60.00 USD,https://row.gymshark.com/collections/all-products/products/gymshark-eaze-zip-hoodie-light-grey
brushed cotton t-shirt,$19.00 USD,https://row.gymshark.com/collections/all-products/products/gymshark-brushed-cotton-t-shirt-light-grey-marl
brushed cotton t-shirt,$19.00 USD,https://row.gymshark.com/collections/all-products/products/gymshark-brushed-cotton-t-shirt-nightshade-purple
